title,company,location,link
Senior Software Engineer - Backend,Hyperscience,"Sofia, Bulgaria",https://stackoverflow.com/jobs?id=401117
Senior Backend Engineer (Python/Django),NewtonX,"New York, NY",https://stackoverflow.com/jobs?id=470973
Mid-level Python and Django software developer,Eligible.ai,"London, UK",https://stackoverflow.com/jobs?id=447951
Full Stack Software Engineer (React & Django),Sector Labs,"Cluj-Napoca, Romania",https://stackoverflow.com/jobs?id=242127
Experienced Full-Stack Engineer (Python/Django),CareSolace Inc.,"Encinitas, CA",https://stackoverflow.com/jobs?id=452576
Senior Backend Engineer (Python/Django),Financial Technology Partners,"San Francisco, CA",https://stackoverflow.com/jobs?id=446918
Principal Full Stack Software Engineer (React & Django),Sector Labs,"Cluj-Napoca, Romania",https://stackoverflow.com/jobs?id=249484
Mid-Level Backend Software Engineer (Python / Django),"Tivix, Inc.","Wrocław, Poland",https://stackoverflow.com/jobs?id=420639
Senior Full Stack Software Engineer (React & Django),Sector Labs,"Cluj-Napoca, Romania",https://stackoverflow.com/jobs?id=241611
SR Django Developer,Trafilea,No office location,https://stackoverflow.com/jobs?id=429467
Full Stack Software Engineer (Vue.js & Django) (m/f/d),Limehome GmbH,"München, Germany",https://stackoverflow.com/jobs?id=238532
Senior Django Developer,FileWave Gmbh,"Düsseldorf, Germany",https://stackoverflow.com/jobs?id=312936
Octopus Energy is still hiring for Python/Django Engineers!,Octopus Energy,"Melbourne, Australia",https://stackoverflow.com/jobs?id=468929
Django Engineer (m/f) for Germany's leading local marketing platform,RegioHelden GmbH,"Stuttgart, Deutschland",https://stackoverflow.com/jobs?id=420093
Experienced Python Backend Engineer for growing start up!,This Land Inc dba Sunday,"Boulder, CO",https://stackoverflow.com/jobs?id=474459
Senior Software Engineer - Python,YouGov,"Warsaw, Poland",https://stackoverflow.com/jobs?id=422635
"Senior BackEnd Software Engineer - Python, AWS",Handiscover ABvianetObjectives,No office location,https://stackoverflow.com/jobs?id=468497
Senior Software Engineer,"ArcherDX, Inc.","Boulder, CO",https://stackoverflow.com/jobs?id=478851
Software Engineer - Fullstack - remote (m/f/d),Yelp,"Hamburg, Germany",https://stackoverflow.com/jobs?id=463138
Backend Developer (m/f/d),CheMondis GmbH,"Köln, Deutschland",https://stackoverflow.com/jobs?id=463437
Software Engineer - Corporate Technology | Risk & Forecasting Services,"JPMorgan Chase Bank, N.A.","Lewisville, TX",https://stackoverflow.com/jobs?id=479109
Backend Developer,Octopus Energy,"London, UK",https://stackoverflow.com/jobs?id=197943
Senior Python Back End Engineer (Remote),Loadsmart,No office location,https://stackoverflow.com/jobs?id=430974
Principal Engineer,Switch Payments,"Porto, Portugal",https://stackoverflow.com/jobs?id=428095
Backend Engineer (Python),Zattoo,"Berlin, Germany",https://stackoverflow.com/jobs?id=472439
Software Engineering - Python,"JPMorgan Chase Bank, N.A.","Hyderabad, India",https://stackoverflow.com/jobs?id=474816
Python Software Engineer,bloomon,"Amsterdam, Netherlands",https://stackoverflow.com/jobs?id=286140
Software Engineer - Backend/Server,Shopee Singapore Private Limited,Singapore,https://stackoverflow.com/jobs?id=398052
Senior Backend Engineer (m/w/x) - remote possible,Jimdo,"Hamburg, Germany",https://stackoverflow.com/jobs?id=435270
Full Stack Developer,OpsTalent,No office location,https://stackoverflow.com/jobs?id=463551
Backend Developer,Macabacus,"New York, NY",https://stackoverflow.com/jobs?id=456557
"Software Engineer - Search/Data (Remote, US Timezones Only, Fulltime/Benefits)",Gaia GPS,No office location,https://stackoverflow.com/jobs?id=439960
Full Stack Developer,Mullvad VPN,"Gothenburg, Sweden",https://stackoverflow.com/jobs?id=448302
Full Stack Web Developer,"Art & Logic, Inc.",No office location,https://stackoverflow.com/jobs?id=370918
Full Stack Web Developer (m/w/d),Forschungsgruppe g/d/p,"Hamburg, Germany",https://stackoverflow.com/jobs?id=473101
Backend Engineer - Working Student (m/f/d),Motius GmbH,"München, Deutschland",https://stackoverflow.com/jobs?id=456520
Data Products Backend Developer (m/f/d),UNIVERSAL MUSIC ENTERTAINMENT GMBH,"Berlin, Deutschland",https://stackoverflow.com/jobs?id=460484
Senior Software Entwickler (m/w/d),DKMS gemeinnützige GmbH,"Tübingen, Deutschland",https://stackoverflow.com/jobs?id=456269
Senior Sales Engineer (sales position),OpenCraft,No office location,https://stackoverflow.com/jobs?id=470815
Softwareentwickler/in (m/w/d),vyble AG (vyble.io),"Rostock, Deutschland",https://stackoverflow.com/jobs?id=409520
Senior Backend Engineer,Penn Interactive Ventures,"Philadelphia, PA",https://stackoverflow.com/jobs?id=472047
Senior Backend Engineer,Zumper,"Providence, RI",https://stackoverflow.com/jobs?id=446579
Intermediate Full Stack Developer (m/f/d) in Freiburg/Breisgau,FIFTY2 Technology GmbH,"Freiburg im Breisgau, Deutschland",https://stackoverflow.com/jobs?id=459590
Fullstack Web Developer,Smart Energy Lab,"Lisbon, Portugal",https://stackoverflow.com/jobs?id=465125
Senior Python Engineer (Remote),X-Team,No office location,https://stackoverflow.com/jobs?id=445852
Python Application Developer- London,"JPMorgan Chase Bank, N.A.","London, UK",https://stackoverflow.com/jobs?id=480209
Python developer for VoIP service provider,TelSmart,"Zagreb, Croatia",https://stackoverflow.com/jobs?id=435753
Web Application Developer,RSR Group,"Winter Park, FL",https://stackoverflow.com/jobs?id=424542
Mid-to-senior level Python Backend Developer (Team Billing),Lumenaza GmbH,"Berlin, Deutschland",https://stackoverflow.com/jobs?id=474753
Python Developer,BairesDev LLC,"San Francisco, CA",https://stackoverflow.com/jobs?id=478225
Senior Data Engineer,Grata Inc.,"New York, NY",https://stackoverflow.com/jobs?id=435900
Python Developer,BairesDev LLC,"San Francisco, CA",https://stackoverflow.com/jobs?id=478225
Senior Software Developer Python (m/f/d),Ströer Online Marketing,"Hamburg, Deutschland",https://stackoverflow.com/jobs?id=462625
Backend Developer,Sofía,"Mexico City, Mexico",https://stackoverflow.com/jobs?id=255373
Fullstack Software Engineer - Music Discovery,Epidemic Sound AB,"Stockholm, Sweden",https://stackoverflow.com/jobs?id=468730
Senior Python Developer,YouGov,"Bengaluru, India",https://stackoverflow.com/jobs?id=400054
Python Software Engineer - Glasgow - Associate,"JPMorgan Chase Bank, N.A.","Glasgow, UK",https://stackoverflow.com/jobs?id=479583
Software Architect,Decodify.me LLC,No office location,https://stackoverflow.com/jobs?id=443400
"Python Developer, Full-Time Job in Bucharest",SkillValue,"Bucharest, Romania",https://stackoverflow.com/jobs?id=460151
Python Developer - REMOTE,Pentalog,No office location,https://stackoverflow.com/jobs?id=470999
"Python Developer (Onsite in Paris, or Remote in France, UK, Germany)",PeopleDoc,No office location,https://stackoverflow.com/jobs?id=471172
Backend Python Developer (m/f/x),Alasco,"München, Germany",https://stackoverflow.com/jobs?id=388312
Python Full Stack Developer,Draft2Digital,"Oklahoma City, OK",https://stackoverflow.com/jobs?id=313165
Senior Python Backend Developer (m/f/x),Innoactive GmbH,"München, Germany",https://stackoverflow.com/jobs?id=412785
Python Web Developer,RavenPack International SL.,"Marbella, Spain",https://stackoverflow.com/jobs?id=470988
Senior Python Engineer,Tivix,"Wrocław, Poland",https://stackoverflow.com/jobs?id=420641
Python Developer - REMOTE,Pentalog,No office location,https://stackoverflow.com/jobs?id=470995
"Full Stack Developer (m/f/d), 80 – 100 %",Eturnity,"St. Gallen, Schweiz",https://stackoverflow.com/jobs?id=471553
Senior Python Developer,scoutbee GmbH,"Berlin, Germany",https://stackoverflow.com/jobs?id=432930
Frontend Developer,Octopus Energy,"London, UK",https://stackoverflow.com/jobs?id=468942
Senior Full Stack Engineer (REMOTE),Sector Labs,No office location,https://stackoverflow.com/jobs?id=406197
Senior Python Developer (m/f/d),Fashion Cloud,"Amsterdam, Netherlands",https://stackoverflow.com/jobs?id=467737
Head of Engineering [m/w/d],StackFuel GmbH,"Berlin, Deutschland",https://stackoverflow.com/jobs?id=466462
Python Developer,Octopus Energy,"London, UK",https://stackoverflow.com/jobs?id=468269
Senior Python Developer - Global Technology Infrastructure - Database Services - Vice...,"JPMorgan Chase Bank, N.A.","London, UK",https://stackoverflow.com/jobs?id=477948
Senior Full Stack Developer (m/f/x),Innoactive GmbH,"München, Germany",https://stackoverflow.com/jobs?id=412788
Senior Python Developer - Global Technology Infrastructure - Database Services - Vice...,"JPMorgan Chase Bank, N.A.","London, UK",https://stackoverflow.com/jobs?id=477948
Back-End Software Engineer - Labs Technology,Cloud Academy,"Milan, Italy",https://stackoverflow.com/jobs?id=470302
Full Stack Web Developer,Solocal,"Wien, Austria",https://stackoverflow.com/jobs?id=455017
Senior Full Stack Engineer,GooseChase,No office location,https://stackoverflow.com/jobs?id=454745
Senior Frontend Engineer (Vue.js),Financial Technology Partners,"San Francisco, CA",https://stackoverflow.com/jobs?id=446919
Full Stack Engineer,Bitcoin Depot,No office location,https://stackoverflow.com/jobs?id=469760
Technical Lead (Backend) (M/F/D),VMRay,"Bochum, Deutschland",https://stackoverflow.com/jobs?id=443585
SENIOR PYHTON DEVELOPER,FELFEL,"Zürich, Switzerland",https://stackoverflow.com/jobs?id=465685
"PYTHON DEVELOPER Location: Zürich, Zurich, Switzerland",FELFEL,"Zürich, Switzerland",https://stackoverflow.com/jobs?id=465684
Software Engineer in Test II/III,"ArcherDX, Inc.","Boulder, CO",https://stackoverflow.com/jobs?id=478827
Software Engineer II/III,"ArcherDX, Inc.","Boulder, CO",https://stackoverflow.com/jobs?id=478825
Full Stack Software Engineer,kaliber.ai,"San Francisco, CA",https://stackoverflow.com/jobs?id=251476
Healthcare Services Company seeks a Sr Front End Developer [React native],Logisticare,"Greenwood Village, CO",https://stackoverflow.com/jobs?id=472187
Frontend Engineer,causaLens,"London, UK",https://stackoverflow.com/jobs?id=462390
Backend Developer (2 openings),"OpenEye Scientific Software, Inc.","Santa Fe, NM",https://stackoverflow.com/jobs?id=392805
"Senior Software Engineer, Video Streaming",Chaturbate,"Los Angeles, CA",https://stackoverflow.com/jobs?id=477844
Looking for an Amazing Senior Python Developer,Tech9,"Pune, India",https://stackoverflow.com/jobs?id=468707
Digital - API - Lead Software Engineer - SDKs and Connectors,FactSet,"Boston, MA",https://stackoverflow.com/jobs?id=465686
Senior Node.js Engineer (m/f/d),Fashion Cloud,"Amsterdam, Netherlands",https://stackoverflow.com/jobs?id=465988
Node.js Engineer (m/f/d),Fashion Cloud,"Amsterdam, Netherlands",https://stackoverflow.com/jobs?id=460037
React Developer,TelSmart,"Zagreb, Croatia",https://stackoverflow.com/jobs?id=470563
Software Engineer (Backend) (m/f/d),QuantCo,"Berlin, Germany",https://stackoverflow.com/jobs?id=409511
"Staff Software Engineer (Tech Lead), Telehealth","Chewy, Inc.","Boston, MA",https://stackoverflow.com/jobs?id=475331
Python Developer,YouGov,No office location,https://stackoverflow.com/jobs?id=463034
Python Developer,YouGov,No office location,https://stackoverflow.com/jobs?id=463034
"Staff Software Engineer (Tech Lead), Telehealth","Chewy, Inc.","Boston, MA",https://stackoverflow.com/jobs?id=475332
Backend Engineer,causaLens,"London, UK",https://stackoverflow.com/jobs?id=462391
Senior Software Engineer - Music Distribution,Epidemic Sound AB,"Stockholm, Sweden",https://stackoverflow.com/jobs?id=388239
Senior back-end engineer who loves Python and brains,QMENTA,"Barcelona, Spain",https://stackoverflow.com/jobs?id=454987
Full Stack Engineer,causaLens,"London, UK",https://stackoverflow.com/jobs?id=468461
Site Reliability Engineer,ODK Media Inc.,"Bongeunsa-ro, South Korea",https://stackoverflow.com/jobs?id=424678
Python Software Developer,UBIMET GmbH,"Wien, Österreich",https://stackoverflow.com/jobs?id=412367
Engineering Lead - Cairo - Egypt,Vezeeta,"Masr Al Jadidah, Egypt",https://stackoverflow.com/jobs?id=373791
Senior C++ Developer,FileWave Gmbh,"Düsseldorf, Germany",https://stackoverflow.com/jobs?id=280967
Python Backend Engineer,Skillhouse Staffing Solutions,"Tokyo, Japan",https://stackoverflow.com/jobs?id=465919
Front-End Developer,Digidentity,"Den Haag, Netherlands",https://stackoverflow.com/jobs?id=305537
"Remote Senior Software Engineer, Python",Verys,No office location,https://stackoverflow.com/jobs?id=477608
"Full Stack Developer, CMS","U.S. News & World Report, Inc.",No office location,https://stackoverflow.com/jobs?id=468941
Mid Level Android Engineer,Revel Transit Inc,"Brooklyn, NY",https://stackoverflow.com/jobs?id=434161
Senior Full-Stack Developer / Engineer (Secure Comms),SaltDNA,"Belfast, UK",https://stackoverflow.com/jobs?id=467740
Full Stack Developer,SMAL Code GmbH,"Munich, Germany",https://stackoverflow.com/jobs?id=415645
Engineering Lead,ODK Media Inc.,"Fullerton, CA",https://stackoverflow.com/jobs?id=451032
Senior Software Engineer - Acquisition,Epidemic Sound AB,"Stockholm, Sweden",https://stackoverflow.com/jobs?id=426014
Senior Full Stack Engineer (Remote OR NYC),Noom,"New York, NY",https://stackoverflow.com/jobs?id=283522
Machine Learning Engineer,causaLens,"London, UK",https://stackoverflow.com/jobs?id=439133
Senior Backend Software Engineer - Python,Advertima,"Berlin, Germany",https://stackoverflow.com/jobs?id=465088
"Java Developer (Onsite in Paris, or Remote in France, UK, Germany)",PeopleDoc,No office location,https://stackoverflow.com/jobs?id=471170
Senior DevOps Engineer,Plecto,"Warsaw, Poland",https://stackoverflow.com/jobs?id=468476
Platform Engineer (DevOps),Buoy Health,"Boston, MA",https://stackoverflow.com/jobs?id=441978
Computer Scientist / IT Specialist as developer (m/f) Ruby on Rails,Hüttig & Rompf AG,"Frankfurt am Main, Deutschland",https://stackoverflow.com/jobs?id=143409
Senior Machine Learning Engineer,Blackshark.ai GmbH,"Graz, Austria",https://stackoverflow.com/jobs?id=474473
"Senior Back-end Engineer, Machine Learning",Cloud Academy,"Milan, Italy",https://stackoverflow.com/jobs?id=392936
SRE/DevOps Engineer,Switch Payments,"Porto, Portugal",https://stackoverflow.com/jobs?id=428094
Senior Superhero Python Developer to protect the Bank from counterparty risk,Deutsche BankviaJWiderberg Inc. DBA Insight Resource Group,"New York, NY",https://stackoverflow.com/jobs?id=453533
SENIOR FRONT-END SOFTWARE ENGINEER (TECHNOLOGY),FELFEL,"Zürich, Switzerland",https://stackoverflow.com/jobs?id=450802
DevOps Engineer,Yescapa,"Bordeaux, France",https://stackoverflow.com/jobs?id=444503
Senior Full Stack Engineer,Epidemic Sound AB,"Stockholm, Sweden",https://stackoverflow.com/jobs?id=241594
Sr. Frontend Software Engineer,Chaturbate,No office location,https://stackoverflow.com/jobs?id=460874
Cloud Platform Software Engineer ( Platform / Back-end / Web) : CPD,Rakuten,"Tokyo, Japan",https://stackoverflow.com/jobs?id=360634
Quality Assurance (QA) Lead,Cloud Academy,"Milan, Italy",https://stackoverflow.com/jobs?id=396573
Ruby / Elixir Developer,Scripbox,"Bengaluru, India",https://stackoverflow.com/jobs?id=463464
Back End Developer / Engineer,Daupler,"Kansas City, MO",https://stackoverflow.com/jobs?id=470816
"Senior Software Developer (Lead Consultant, Melbourne/Sydney based)",No Moss Co,"Surry Hills, Australia",https://stackoverflow.com/jobs?id=462176
"Senior Software Engineer, iOS - Core Music Experience",Epidemic Sound AB,"Stockholm, Sweden",https://stackoverflow.com/jobs?id=450351
Mid-Level Front-end Responsive Developer,Graphic Language,No office location,https://stackoverflow.com/jobs?id=418286
Senior Software Engineer- Analytics Tools/ Jupyter,Indeed,"Remote, OR",https://stackoverflow.com/jobs?id=458260
"Tech Lead Manager, Criminal Justice, Justice & Opportunity",Chan Zuckerberg Initiative,"Redwood City, CA",https://stackoverflow.com/jobs?id=446369
Intermediate Full Stack Developer - Toronto,Top Hat,"Toronto, ON, Canada",https://stackoverflow.com/jobs?id=471357
Senior Android Engineer,GooseChase,No office location,https://stackoverflow.com/jobs?id=454746
Senior Full Stack Engineer (Remote-LATAM),Loadsmart,No office location,https://stackoverflow.com/jobs?id=458211
Senior Full Stack Developer,Top Hat,"Toronto, ON, Canada",https://stackoverflow.com/jobs?id=433586
Senior Front-End Engineer (React),Varsity Tutors,No office location,https://stackoverflow.com/jobs?id=461403
[전문연구요원] 상시 (전직),네이버랩스,경기도,https://kr.indeed.com/%EC%B1%84%EC%9A%A9%EB%B3%B4%EA%B8%B0?jk=14b591547a3b9df5
"프론트엔드, 백엔드 신입/경력 정규직",로켓메이커스,서울 마포구,https://kr.indeed.com/%EC%B1%84%EC%9A%A9%EB%B3%B4%EA%B8%B0?jk=09a7b504ae035725
Developer / Designer recruit,마이뮤직테이스트,서울 논현동,https://kr.indeed.com/%EC%B1%84%EC%9A%A9%EB%B3%B4%EA%B8%B0?jk=55a19c92c845685e
[관계사] 키즈노트 백엔드 개발자 (경력직),키즈노트,성남 분당구,https://kr.indeed.com/%EC%B1%84%EC%9A%A9%EB%B3%B4%EA%B8%B0?jk=76d64ac8eaa3d860
시스템 엔지니어링,NHN,성남 판교역,https://kr.indeed.com/%EC%B1%84%EC%9A%A9%EB%B3%B4%EA%B8%B0?jk=5cb14c0712a6c4c1
1월 입사 - 근무 : 종각역 - S/W개발 정규직,제스웨어,서울 종로구,https://kr.indeed.com/%EC%B1%84%EC%9A%A9%EB%B3%B4%EA%B8%B0?jk=0a8de9d8ee100dc8
신약개발 및 프론트엔드/백엔드 개발자,아론티어,서울 서초구,https://kr.indeed.com/%EC%B1%84%EC%9A%A9%EB%B3%B4%EA%B8%B0?jk=25bd2e9729d88096
(주)넷타겟 연구원 (웹프론트엔드 개발자),넷타겟,대전 유성구,https://kr.indeed.com/%EC%B1%84%EC%9A%A9%EB%B3%B4%EA%B8%B0?jk=0feb2770202a5be1
위시켓과 함께할 서버개발자님,위시켓,서울 강남구,https://kr.indeed.com/%EC%B1%84%EC%9A%A9%EB%B3%B4%EA%B8%B0?jk=a3a65a4d59061430
[청년디지털일자리사업] 열정과 잠재력 펼칠 개발자,애기야가자,부산 수영구,https://kr.indeed.com/%EC%B1%84%EC%9A%A9%EB%B3%B4%EA%B8%B0?jk=f2d81c58eb282a53
제품/솔루션 개발 경력직,이젠고,서울 노원구,https://kr.indeed.com/%EC%B1%84%EC%9A%A9%EB%B3%B4%EA%B8%B0?jk=4e362b844bb2be9a
[Search] 글로벌 NLP 기술 개발 신입,네이버,서울,https://kr.indeed.com/%EC%B1%84%EC%9A%A9%EB%B3%B4%EA%B8%B0?jk=860c62855db0b8f0
[알파브라더스] 프론트엔드 개발자,알파브라더스,서울 강서구,https://kr.indeed.com/%EC%B1%84%EC%9A%A9%EB%B3%B4%EA%B8%B0?jk=dd19da3114772688
FinTech 서비스 플랫폼 개발 통해 세상 변화시킬 개발자분 만나고 싶습니다,핀투비,서울 여의도,https://kr.indeed.com/%EC%B1%84%EC%9A%A9%EB%B3%B4%EA%B8%B0?jk=b01342d6d3c2a24a
"프론트엔드, 웹 풀스택 경력 정규직",수성엔지니어링,서울 송파구,https://kr.indeed.com/%EC%B1%84%EC%9A%A9%EB%B3%B4%EA%B8%B0?jk=9776bb446cee4148
8퍼센트 경력 개발자,8퍼센트,서울 종로구,https://kr.indeed.com/%EC%B1%84%EC%9A%A9%EB%B3%B4%EA%B8%B0?jk=464ef95516a5fa5c
유명 바이오 의료기기 스타트업 Web Backend 개발자,인파트너스,서울 서초구,https://kr.indeed.com/%EC%B1%84%EC%9A%A9%EB%B3%B4%EA%B8%B0?jk=0e384ad4124b5dca
안드로이드 및 서버 개발자,오늘하루,서울 강남구,https://kr.indeed.com/%EC%B1%84%EC%9A%A9%EB%B3%B4%EA%B8%B0?jk=a70c6568d6be9fb0
프론트엔드 정규직,바이오에이아이,서울 강남구,https://kr.indeed.com/%EC%B1%84%EC%9A%A9%EB%B3%B4%EA%B8%B0?jk=a4015a0d112e9569
서울 강남구 인썸니아 시니어 개발자 및 퍼블리셔,인썸니아,서울 서초구,https://kr.indeed.com/%EC%B1%84%EC%9A%A9%EB%B3%B4%EA%B8%B0?jk=6c1d50662fa2d7f7
"MVP 개발 엔지니어(서버, 웹프론트) (정규직, 계약직, 프리랜서)",더테스터,대전 중구,https://kr.indeed.com/%EC%B1%84%EC%9A%A9%EB%B3%B4%EA%B8%B0?jk=1748baa27965fdbf
Web 개발(이커머스 파트)_PHP/CodeIgniter/Javascript,버드뷰,서울 마포구,https://kr.indeed.com/%EC%B1%84%EC%9A%A9%EB%B3%B4%EA%B8%B0?jk=3292e81e43884c67
금융IT(UI/UX개발) 인재,에셋플러스자산운용,대한민국,https://kr.indeed.com/%EC%B1%84%EC%9A%A9%EB%B3%B4%EA%B8%B0?jk=04751aa927de1b32
백엔드 개발자,뉴트리션코트,서울 강남구,https://kr.indeed.com/%EC%B1%84%EC%9A%A9%EB%B3%B4%EA%B8%B0?jk=d621cbb75440764e
백엔드 개발 경력직,외국계 대형 플랫폼사,대한민국,https://kr.indeed.com/%EC%B1%84%EC%9A%A9%EB%B3%B4%EA%B8%B0?jk=58dced95ce3035cd
일삼헤르츠(주) 웹개발 서비스 개발자 경력직,일삼헤르츠,서울,https://kr.indeed.com/%EC%B1%84%EC%9A%A9%EB%B3%B4%EA%B8%B0?jk=5003a0c1eab64760
웹 응용 소프트웨어 개발자,시큐어인공지능,서울 성수동1가,https://kr.indeed.com/%EC%B1%84%EC%9A%A9%EB%B3%B4%EA%B8%B0?jk=60f82ec0fc9a443b
반응형웹개발자(3년이상),에이치알 코리아,대한민국,https://kr.indeed.com/%EC%B1%84%EC%9A%A9%EB%B3%B4%EA%B8%B0?jk=e42dff836a3182d7
Python 백엔드 개발자,Success Korea,서울,https://kr.indeed.com/%EC%B1%84%EC%9A%A9%EB%B3%B4%EA%B8%B0?jk=27cced9f952dfe71
Back-end Web Engineer,Success Korea,서울 서초구,https://kr.indeed.com/%EC%B1%84%EC%9A%A9%EB%B3%B4%EA%B8%B0?jk=89067ba5fc5296c0
빌링서버 개발자,Success Korea,서울,https://kr.indeed.com/%EC%B1%84%EC%9A%A9%EB%B3%B4%EA%B8%B0?jk=d9f1c1b5579f37c4
Server Developer(PHP),Success Korea,서울,https://kr.indeed.com/%EC%B1%84%EC%9A%A9%EB%B3%B4%EA%B8%B0?jk=c8869aca354714a1
Server Developer(Python) - ASAP,Success Korea,서울,https://kr.indeed.com/%EC%B1%84%EC%9A%A9%EB%B3%B4%EA%B8%B0?jk=feb3e6495e583e41
[신규사업실]시니어 Back-end 개발,Success Korea,서울,https://kr.indeed.com/%EC%B1%84%EC%9A%A9%EB%B3%B4%EA%B8%B0?jk=2cadf87cc64c38d6
cloud/saas개발,Success Korea,서울,https://kr.indeed.com/%EC%B1%84%EC%9A%A9%EB%B3%B4%EA%B8%B0?jk=6373005ce9ee17b0
Backend Developer(Python or Java),Success Korea,서울,https://kr.indeed.com/%EC%B1%84%EC%9A%A9%EB%B3%B4%EA%B8%B0?jk=cdb90cb901fd6977
Jr. Backend Developer,Delivery Tech Hero,서울,https://kr.indeed.com/%EC%B1%84%EC%9A%A9%EB%B3%B4%EA%B8%B0?jk=d6c27e2108eafb61
SOFTWARE ENGINEER - BACKEND,"ODK Media, Inc.",서울 강남구,https://kr.indeed.com/%EC%B1%84%EC%9A%A9%EB%B3%B4%EA%B8%B0?jk=6e4170888fdd92a5
Software Engineer,Bear Robotics,서울,https://kr.indeed.com/%EC%B1%84%EC%9A%A9%EB%B3%B4%EA%B8%B0?jk=431c80cac460aa33
SITE RELIABILITY ENGINEER,"ODK Media, Inc.",서울 강남구,https://kr.indeed.com/%EC%B1%84%EC%9A%A9%EB%B3%B4%EA%B8%B0?jk=31be560f3d6a7963
[Engineering] Front-end Developer,"Miso, inc",서울,https://kr.indeed.com/%EC%B1%84%EC%9A%A9%EB%B3%B4%EA%B8%B0?jk=9f7d7cbe5e172a01
[Engineering] Full Stack Developer,"Miso, inc",서울,https://kr.indeed.com/%EC%B1%84%EC%9A%A9%EB%B3%B4%EA%B8%B0?jk=754348a9c3f08d66
전산실 MIS 개발 운영 담당자 채용,Success Korea,성남 판교역,https://kr.indeed.com/%EC%B1%84%EC%9A%A9%EB%B3%B4%EA%B8%B0?jk=e96c0409b4d2b8b5
Server Programmer,Success Korea,서울 강남구,https://kr.indeed.com/%EC%B1%84%EC%9A%A9%EB%B3%B4%EA%B8%B0?jk=4204412ce0c68c2f
